{"corn": [8.33, 6.72, 1.71, 10.93, 5.4, 6.32, 7.85, 14.76, 2.9, 7.76, 5.81, 12.53, 9.85, 11.25, 7.733170511631826, 6.24161207588706, 1.5196289779886039, 12.040776336073755, 5.3633915934559475, 5.552682088439676], "soybeans": [10.96, 9.32, 2.95, 8.38, 2.09, 8.44, 2.8, 10.12, 4.13, 6.6, 13.02, 13.94, 9.95, 12.64, 13.621755749462258, 9.65596804276188, 3.13057950736769, 8.699447542245032, 1.7743452351974323, 7.472251601821684], "tobacco": [9.25, 10.5, 2.23, 6.41, 4.12, 4.67, 10.32, 1.86, 10.09, 5.46, 9.2, 8.71, 9.02, 6.69, 9.70626971400739, 10.215441993233789, 2.4155277443274326, 6.920197575633342, 3.636691099784335, 5.340919215925302], "cotton": [11.63, 11.6, 7.91, 7.7, 11.37, 2.32, 3.86, 4.02, 13.92, 11.88, 5.72, 2.9, 2.82, 2.09, 10.916301789537382, 11.794277502631044, 6.88985172132576, 8.750141908332196, 13.209598363359152, 2.2764848142346894], "wheat": [13.29, 2.31, 4.42, 3.24, 13.08, 6.86, 9.65, 6.1, 7.36, 4.2, 2.27, 2.02, 4.5, 4.24, 13.186800542469046, 2.1016748576727964, 4.018351807765196, 3.532407373058107, 12.387504145768329, 7.615634407495227], "hay": [13.2, 9.59, 12.81, 4.28, 9.98, 14.75, 2.97, 7.13, 3.42, 6.21, 14.38, 2.7, 4.58, 11.89, 12.135195017515311, 10.540398665765885, 14.430996152713867, 3.748630899983266, 10.413164387923048, 13.108824986343587], "peanuts": [6.62, 5.64, 13.26, 6.24, 4.72, 9.78, 8.54, 3.47, 4.76, 12.59, 4.89, 7.19, 4.64, 4.84, 6.813357227062741, 6.664377212275843, 14.219300741758426, 5.18623436016747, 4.497011023813852, 8.131504256286185], "sweatpotatoes": [2.27, 14.15, 7.56, 10.67, 11.16, 9.85, 12.58, 5.74, 5.93, 12.65, 9.84, 7.26, 3.7, 2.26, 1.85498965539621, 14.889171234137205, 7.978258615322565, 8.96334462533977, 11.212144756373625, 9.634446824940284], "barley": [8.25, 13.2, 9.91, 11.34, 5.74, 7.86, 7.34, 9.79, 6.0, 11.54, 8.95, 2.65, 9.9, 5.65, 7.758386188318408, 10.313397651320255, 10.873891535416611, 9.82688947717311, 5.633186983070182, 6.588738043897391], "sorghum": [2.32, 11.05, 3.86, 3.79, 8.62, 12.95, 12.12, 2.01, 5.04, 6.38, 2.38, 6.31, 8.09, 11.7, 2.5049590060173714, 9.914057492873876, 3.601226333037215, 3.3982491720399497, 9.378116627664232, 13.958916370506143], "alfalfa": [2.0, 7.55, 12.64, 12.71, 10.04, 3.96, 4.45, 10.95, 13.72, 13.53, 9.46, 8.77, 12.35, 13.1, 1.7798836258776, 7.945048141860652, 14.224285491530626, 11.706681280807562, 9.9782543545886, 3.670820265474917], "rice": [5.76, 6.08, 1.64, 1.85, 6.79, 9.0, 6.63, 14.45, 10.83, 12.21, 8.95, 10.51, 9.13, 13.84, 6.211292451159589, 5.800396422077258, 1.6030679351077683, 1.6741520470066555, 7.186110583347373, 8.05017003300274]}