{"corn": [1.91, 1.83, 7.5, 8.43, 5.7, 1.48, 3.27, 4.86, 8.89, 8.02, 9.98, 3.51, 9.5, 3.81, 1.582510006713653, 2.1728654633378612, 7.462614835401829, 6.848316880749477, 5.184319280119636, 1.6915294842192885], "soybeans": [8.12, 3.5, 7.74, 2.7, 5.55, 8.21, 8.8, 6.43, 3.44, 1.93, 6.1, 3.29, 8.99, 9.13, 7.679085852216175, 3.8194174689005806, 7.2198941343354495, 2.255719368975802, 6.356116721799863, 7.902178982453336], "tobacco": [6.88, 3.47, 8.98, 6.32, 9.75, 7.35, 2.43, 7.41, 9.06, 9.12, 1.95, 4.14, 2.28, 8.03, 6.793270501863987, 3.7856272392372126, 9.194472790227602, 6.589674221653839, 10.805426940679387, 6.90735764971041], "cotton": [2.44, 2.65, 5.25, 7.92, 6.02, 3.63, 9.76, 3.59, 8.91, 7.18, 9.4, 3.72, 0.87, 7.47, 2.642291326265398, 2.371359093596226, 4.618340820985063, 7.698423745567584, 6.365328306553058, 3.1651285655611496], "wheat": [9.22, 3.86, 4.44, 1.41, 3.92, 8.38, 4.84, 2.54, 4.07, 6.88, 2.23, 4.26, 9.37, 4.32, 9.570690976749113, 3.9722190447687455, 4.578238278936112, 1.4839697566455226, 4.761594045132209, 7.922562903635201], "hay": [1.34, 9.2, 9.07, 8.89, 9.88, 8.3, 7.24, 8.03, 7.23, 4.41, 4.13, 2.93, 6.89, 6.68, 1.3298831761846872, 8.717530314640594, 8.040521236823862, 9.89554339532079, 10.650671199992269, 8.80412513471128], "peanuts": [3.97, 1.01, 4.53, 5.21, 7.99, 2.62, 3.01, 5.13, 2.18, 8.01, 1.0, 1.45, 9.46, 2.98, 3.7705777453208875, 0.8669845669729542, 4.649196423605186, 5.017128365067559, 8.602215844762716, 2.7598862428897997], "sweatpotatoes": [8.82, 7.65, 9.06, 5.95, 7.22, 7.5, 2.26, 9.64, 7.62, 0.86, 1.29, 6.13, 7.75, 9.8, 9.570297580980295, 8.06874786107548, 10.936997983173907, 5.568352573093362, 7.444780320615788, 6.353560764633199], "barley": [8.87, 4.71, 7.59, 4.71, 7.81, 5.55, 5.37, 4.49, 5.68, 0.89, 3.68, 7.28, 9.63, 2.99, 9.695603340627539, 4.347234248024487, 7.1710633562905155, 4.979911966338105, 8.26071845774429, 5.403014061309365], "sorghum": [8.58, 2.92, 4.3, 4.88, 9.6, 5.09, 8.16, 4.9, 3.21, 2.42, 8.27, 9.55, 8.12, 1.61, 7.896366819009448, 3.170895824664195, 3.811010618803938, 4.738778940853031, 10.429439139490576, 5.745601085630463], "alfalfa": [8.41, 3.54, 3.34, 8.27, 4.55, 5.96, 5.9, 6.15, 9.22, 2.6, 9.58, 8.81, 1.18, 4.12, 8.067181784847248, 3.7812416174675256, 3.174790214194062, 8.227999736638061, 4.553291453115261, 6.747284137524688], "rice": [0.81, 9.09, 4.36, 8.01, 9.04, 7.41, 9.95, 4.24, 4.22, 9.05, 2.3, 2.64, 9.88, 5.31, 0.8435143113278853, 9.488917277027792, 4.571148329638378, 8.180200810947653, 8.915332591709287, 6.439244636689901]}