{"wheat": {"Bladenboro": {"low": 3.36, "mean": 6.584269311064718, "high": 10.5}, "Clarkton": {"low": 3.36, "mean": 6.582279335410176, "high": 10.5}, "Clement": {"low": 3.45, "mean": 6.95440463645943, "high": 10.15}, "Elizabeth_City": {"low": 3.56, "mean": 8.489365411436541, "high": 11.69}, "Monroe": {"low": 3.77, "mean": 8.168796445880451, "high": 10.5}, "Norwood": {"low": 3.63, "mean": 8.092809224318659, "high": 11.28}, "Warsaw_2": {"low": 3.81, "mean": 7.378530066815145, "high": 10.16}, "Wilson": {"low": 3.36, "mean": 6.511366459627329, "high": 10.5}, "Clinton": {"low": 3.36, "mean": 6.580472481827622, "high": 10.5}, "Creswell": {"low": 3.51, "mean": 8.04465604634323, "high": 11.64}, "Lagrange": {"low": 3.36, "mean": 6.530165033522434, "high": 10.45}, "Mount_Olive": {"low": 3.36, "mean": 6.549824651882414, "high": 10.5}, "Register": {"low": 3.47, "mean": 7.747449908925319, "high": 10.3}}, "soy": {"Bladenboro": {"low": 8.26, "mean": 8.942857142857143, "high": 9.18}, "Clarkton": {"low": 7.84, "mean": 8.879919354838709, "high": 9.37}, "Clement": {"low": 7.77, "mean": 8.176714285714286, "high": 8.85}, "Elizabeth_City": {"low": 7.87, "mean": 8.544545454545455, "high": 9.12}, "Monroe": {"low": 7.96, "mean": 8.499071428571428, "high": 9.25}, "Norwood": {"low": 7.62, "mean": 8.163636363636362, "high": 8.92}, "Wilson": {"low": 8.04, "mean": 8.876532258064517, "high": 9.27}, "Clinton": {"low": 8.06, "mean": 8.86170731707317, "high": 9.37}, "Creswell": {"low": 7.84, "mean": 8.438831168831168, "high": 9.41}, "Lagrange": {"low": 7.81, "mean": 8.841774193548387, "high": 9.22}, "Mount_Olive": {"low": 7.91, "mean": 8.811129032258064, "high": 9.22}, "Register": {"low": 8.37, "mean": 8.732083333333334, "high": 9.03}}, "corn": {"Clinton": {"low": 3.36, "mean": 4.093049289891395, "high": 4.99}, "Creswell": {"low": 3.27, "mean": 3.877047038327527, "high": 4.7}, "Lagrange": {"low": 3.35, "mean": 4.04906432748538, "high": 5.14}, "Mount_Olive": {"low": 3.35, "mean": 4.083450292397661, "high": 4.99}, "Register": {"low": 3.49, "mean": 4.102594752186589, "high": 4.62}, "Bladenboro": {"low": 3.31, "mean": 4.02092406221409, "high": 4.99}, "Clarkton": {"low": 3.31, "mean": 4.058039552880482, "high": 4.99}, "Clement": {"low": 3.36, "mean": 3.858852772466539, "high": 4.42}, "Elizabeth_City": {"low": 3.26, "mean": 3.846263115415658, "high": 4.7}, "Monroe": {"low": 8.18, "mean": 8.47, "high": 8.76}, "Norwood": {"low": 3.53, "mean": 4.211815431164902, "high": 5.25}, "Warsaw_2": {"low": 3.62, "mean": 4.370246913580247, "high": 5.34}, "Wilson": {"low": 3.35, "mean": 3.960739644970414, "high": 4.67}}}